,half,one
4,0.09259910193853914,0.1530286915488124
8,0.01628597051346249,0.02692914271236894
16,0.002235958948519481,0.0037097732991245662
32,0.00035579126671848703,0.0004993665998402028
64,0.0005493944182856977,0.0012083780998353953
128,0.000840900380133394,0.0013886479205606846
